[{"model": "admin.logentry", "pk": 1, "fields": {"action_time": "2025-05-15T14:11:07.140Z", "user": 1, "content_type": 7, "object_id": "1", "object_repr": "Aurora2025", "action_flag": 1, "change_message": "[{\"added\": {}}]"}}, {"model": "admin.logentry", "pk": 2, "fields": {"action_time": "2025-05-15T14:12:41.179Z", "user": 1, "content_type": 8, "object_id": "1", "object_repr": "Aurora2025", "action_flag": 1, "change_message": "[{\"added\": {}}]"}}, {"model": "admin.logentry", "pk": 3, "fields": {"action_time": "2025-05-15T14:13:29.682Z", "user": 1, "content_type": 9, "object_id": "1", "object_repr": "Aurora2025", "action_flag": 1, "change_message": "[{\"added\": {}}]"}}, {"model": "admin.logentry", "pk": 4, "fields": {"action_time": "2025-05-15T14:13:53.438Z", "user": 1, "content_type": 11, "object_id": "1", "object_repr": "Review by Aurora2025", "action_flag": 1, "change_message": "[{\"added\": {}}]"}}, {"model": "admin.logentry", "pk": 5, "fields": {"action_time": "2025-05-15T14:16:39.765Z", "user": 1, "content_type": 10, "object_id": "1", "object_repr": "Order #1 - Aurora2025", "action_flag": 1, "change_message": "[{\"added\": {}}]"}}, {"model": "admin.logentry", "pk": 6, "fields": {"action_time": "2025-05-15T14:17:33.972Z", "user": 1, "content_type": 9, "object_id": "1", "object_repr": "Aurora2025", "action_flag": 3, "change_message": ""}}, {"model": "admin.logentry", "pk": 7, "fields": {"action_time": "2025-05-15T14:18:02.246Z", "user": 1, "content_type": 9, "object_id": "2", "object_repr": "Russelogo Simpel", "action_flag": 1, "change_message": "[{\"added\": {}}]"}}, {"model": "admin.logentry", "pk": 8, "fields": {"action_time": "2025-05-15T14:19:59.609Z", "user": 1, "content_type": 9, "object_id": "2", "object_repr": "Russelogo Simpel", "action_flag": 2, "change_message": "[{\"changed\": {\"fields\": [\"Image\"]}}]"}}, {"model": "admin.logentry", "pk": 9, "fields": {"action_time": "2025-05-15T14:20:09.362Z", "user": 1, "content_type": 8, "object_id": "1", "object_repr": "Aurora2025", "action_flag": 3, "change_message": ""}}, {"model": "admin.logentry", "pk": 10, "fields": {"action_time": "2025-05-15T14:20:53.283Z", "user": 1, "content_type": 8, "object_id": "2", "object_repr": "Eksempel Logo", "action_flag": 1, "change_message": "[{\"added\": {}}]"}}, {"model": "admin.logentry", "pk": 11, "fields": {"action_time": "2025-05-15T14:21:36.068Z", "user": 1, "content_type": 10, "object_id": "1", "object_repr": "Order #1 - Aurora2025", "action_flag": 2, "change_message": "[{\"changed\": {\"fields\": [\"Product\"]}}]"}}, {"model": "admin.logentry", "pk": 12, "fields": {"action_time": "2025-05-15T14:25:17.741Z", "user": 1, "content_type": 11, "object_id": "1", "object_repr": "Review by Aurora2025", "action_flag": 2, "change_message": "[]"}}, {"model": "admin.logentry", "pk": 13, "fields": {"action_time": "2025-05-19T13:50:33.163Z", "user": 1, "content_type": 9, "object_id": "2", "object_repr": "Russelogo Simpel", "action_flag": 2, "change_message": "[]"}}, {"model": "admin.logentry", "pk": 14, "fields": {"action_time": "2025-05-19T15:30:32.363Z", "user": 1, "content_type": 10, "object_id": "3", "object_repr": "Order #3 - Hellotitty 2025 test 2", "action_flag": 3, "change_message": ""}}, {"model": "admin.logentry", "pk": 15, "fields": {"action_time": "2025-05-19T15:30:36.746Z", "user": 1, "content_type": 10, "object_id": "4", "object_repr": "Order #4 - Hellotitty 2025 test 2", "action_flag": 3, "change_message": ""}}, {"model": "admin.logentry", "pk": 16, "fields": {"action_time": "2025-05-19T15:30:41.613Z", "user": 1, "content_type": 10, "object_id": "5", "object_repr": "Order #5 - Hellotitty 2025 test 2", "action_flag": 3, "change_message": ""}}, {"model": "admin.logentry", "pk": 17, "fields": {"action_time": "2025-05-19T15:32:21.903Z", "user": 1, "content_type": 10, "object_id": "2", "object_repr": "Order #2 - Hellotitty 2025", "action_flag": 3, "change_message": ""}}, {"model": "admin.logentry", "pk": 18, "fields": {"action_time": "2025-05-19T15:32:28.871Z", "user": 1, "content_type": 10, "object_id": "6", "object_repr": "Order #6 - Hellotitty 2025 test 2", "action_flag": 3, "change_message": ""}}, {"model": "admin.logentry", "pk": 19, "fields": {"action_time": "2025-05-19T21:07:16.604Z", "user": 1, "content_type": 10, "object_id": "9", "object_repr": "Order #9 - Hellotitty 2025 test 3", "action_flag": 3, "change_message": ""}}, {"model": "admin.logentry", "pk": 20, "fields": {"action_time": "2025-05-20T12:59:18.521Z", "user": 1, "content_type": 11, "object_id": "1", "object_repr": "Review by Aurora2025", "action_flag": 2, "change_message": "[{\"changed\": {\"fields\": [\"Is approved\"]}}]"}}, {"model": "admin.logentry", "pk": 21, "fields": {"action_time": "2025-05-20T16:01:28.653Z", "user": 1, "content_type": 13, "object_id": "1", "object_repr": "Teaser Premium", "action_flag": 1, "change_message": "[{\"added\": {}}]"}}, {"model": "admin.logentry", "pk": 22, "fields": {"action_time": "2025-05-20T16:01:45.409Z", "user": 1, "content_type": 13, "object_id": "2", "object_repr": "Teaser Basic", "action_flag": 1, "change_message": "[{\"added\": {}}]"}}, {"model": "admin.logentry", "pk": 23, "fields": {"action_time": "2025-05-20T21:13:40.173Z", "user": 1, "content_type": 12, "object_id": "6", "object_repr": "Kul 123 test 6 - Teaser Basic", "action_flag": 3, "change_message": ""}}, {"model": "admin.logentry", "pk": 24, "fields": {"action_time": "2025-05-20T21:28:20.695Z", "user": 1, "content_type": 12, "object_id": "7", "object_repr": "Kul 123 test 6 - Teaser Basic", "action_flag": 3, "change_message": ""}}, {"model": "admin.logentry", "pk": 25, "fields": {"action_time": "2025-05-20T23:29:05.827Z", "user": 1, "content_type": 9, "object_id": "3", "object_repr": "Homerun", "action_flag": 1, "change_message": "[{\"added\": {}}]"}}, {"model": "admin.logentry", "pk": 26, "fields": {"action_time": "2025-05-20T23:29:16.179Z", "user": 1, "content_type": 9, "object_id": "3", "object_repr": "Homerun", "action_flag": 2, "change_message": "[{\"changed\": {\"fields\": [\"Is available\"]}}]"}}, {"model": "admin.logentry", "pk": 27, "fields": {"action_time": "2025-05-21T19:06:39.549Z", "user": 1, "content_type": 17, "object_id": "2", "object_repr": "Aurora Odden - Test av skjema", "action_flag": 3, "change_message": ""}}, {"model": "admin.logentry", "pk": 28, "fields": {"action_time": "2025-05-22T11:17:03.713Z", "user": 1, "content_type": 18, "object_id": "1", "object_repr": "Hva koster en logo?", "action_flag": 1, "change_message": "[{\"added\": {}}]"}}, {"model": "admin.logentry", "pk": 29, "fields": {"action_time": "2025-05-23T13:30:23.647Z", "user": 1, "content_type": 18, "object_id": "2", "object_repr": "test?", "action_flag": 1, "change_message": "[{\"added\": {}}]"}}, {"model": "admin.logentry", "pk": 30, "fields": {"action_time": "2025-05-26T17:20:36.758Z", "user": 1, "content_type": 11, "object_id": "2", "object_repr": "Review by Hellotitty 2025", "action_flag": 1, "change_message": "[{\"added\": {}}]"}}, {"model": "admin.logentry", "pk": 31, "fields": {"action_time": "2025-05-26T19:24:06.219Z", "user": 1, "content_type": 9, "object_id": "4", "object_repr": "Test", "action_flag": 1, "change_message": "[{\"added\": {}}]"}}, {"model": "admin.logentry", "pk": 32, "fields": {"action_time": "2025-05-26T20:02:35.128Z", "user": 1, "content_type": 9, "object_id": "4", "object_repr": "Test", "action_flag": 3, "change_message": ""}}, {"model": "admin.logentry", "pk": 33, "fields": {"action_time": "2025-05-26T20:02:35.133Z", "user": 1, "content_type": 9, "object_id": "3", "object_repr": "Homerun", "action_flag": 3, "change_message": ""}}, {"model": "admin.logentry", "pk": 34, "fields": {"action_time": "2025-05-26T20:03:01.025Z", "user": 1, "content_type": 9, "object_id": "5", "object_repr": "test", "action_flag": 1, "change_message": "[{\"added\": {}}]"}}, {"model": "admin.logentry", "pk": 35, "fields": {"action_time": "2025-05-26T20:03:28.149Z", "user": 1, "content_type": 9, "object_id": "6", "object_repr": "test 2", "action_flag": 1, "change_message": "[{\"added\": {}}]"}}, {"model": "admin.logentry", "pk": 36, "fields": {"action_time": "2025-05-26T20:07:18.281Z", "user": 1, "content_type": 9, "object_id": "6", "object_repr": "test 2", "action_flag": 3, "change_message": ""}}, {"model": "admin.logentry", "pk": 37, "fields": {"action_time": "2025-05-26T20:07:18.284Z", "user": 1, "content_type": 9, "object_id": "5", "object_repr": "test", "action_flag": 3, "change_message": ""}}, {"model": "admin.logentry", "pk": 38, "fields": {"action_time": "2025-05-26T20:07:41.210Z", "user": 1, "content_type": 9, "object_id": "7", "object_repr": "dddd", "action_flag": 1, "change_message": "[{\"added\": {}}]"}}, {"model": "admin.logentry", "pk": 39, "fields": {"action_time": "2025-05-26T20:07:50.512Z", "user": 1, "content_type": 9, "object_id": "7", "object_repr": "dddd", "action_flag": 2, "change_message": "[]"}}, {"model": "admin.logentry", "pk": 40, "fields": {"action_time": "2025-05-26T20:08:26.842Z", "user": 1, "content_type": 9, "object_id": "7", "object_repr": "dddd", "action_flag": 2, "change_message": "[{\"changed\": {\"fields\": [\"Is available\"]}}]"}}, {"model": "admin.logentry", "pk": 41, "fields": {"action_time": "2025-05-26T20:08:44.682Z", "user": 1, "content_type": 9, "object_id": "7", "object_repr": "dddd", "action_flag": 2, "change_message": "[{\"changed\": {\"fields\": [\"Image\"]}}]"}}, {"model": "admin.logentry", "pk": 42, "fields": {"action_time": "2025-05-26T20:09:10.238Z", "user": 1, "content_type": 9, "object_id": "8", "object_repr": "test", "action_flag": 1, "change_message": "[{\"added\": {}}]"}}, {"model": "admin.logentry", "pk": 43, "fields": {"action_time": "2025-05-26T20:09:16.301Z", "user": 1, "content_type": 9, "object_id": "8", "object_repr": "test", "action_flag": 2, "change_message": "[{\"changed\": {\"fields\": [\"Is available\"]}}]"}}, {"model": "admin.logentry", "pk": 44, "fields": {"action_time": "2025-06-05T02:56:03.320Z", "user": 1, "content_type": 9, "object_id": "9", "object_repr": "Clink N Drink", "action_flag": 1, "change_message": "[{\"added\": {}}]"}}, {"model": "admin.logentry", "pk": 45, "fields": {"action_time": "2025-06-05T03:26:25.148Z", "user": 1, "content_type": 9, "object_id": "9", "object_repr": "Clink N Drink", "action_flag": 2, "change_message": "[{\"changed\": {\"fields\": [\"Is available\"]}}]"}}, {"model": "admin.logentry", "pk": 46, "fields": {"action_time": "2025-06-05T04:30:58.380Z", "user": 1, "content_type": 9, "object_id": "10", "object_repr": "Homerun", "action_flag": 1, "change_message": "[{\"added\": {}}]"}}, {"model": "admin.logentry", "pk": 47, "fields": {"action_time": "2025-06-05T04:31:07.089Z", "user": 1, "content_type": 9, "object_id": "10", "object_repr": "Homerun", "action_flag": 2, "change_message": "[{\"changed\": {\"fields\": [\"Image\"]}}]"}}, {"model": "admin.logentry", "pk": 48, "fields": {"action_time": "2025-06-05T04:43:20.550Z", "user": 1, "content_type": 9, "object_id": "11", "object_repr": "Loyal to the Game", "action_flag": 1, "change_message": "[{\"added\": {}}]"}}, {"model": "admin.logentry", "pk": 49, "fields": {"action_time": "2025-06-05T07:22:32.825Z", "user": 1, "content_type": 7, "object_id": "17", "object_repr": "Platinum Punch 2024", "action_flag": 1, "change_message": "[{\"added\": {}}]"}}, {"model": "admin.logentry", "pk": 50, "fields": {"action_time": "2025-06-05T07:23:08.459Z", "user": 1, "content_type": 11, "object_id": "3", "object_repr": "Review by Platinum Punch 2024", "action_flag": 1, "change_message": "[{\"added\": {}}]"}}, {"model": "admin.logentry", "pk": 51, "fields": {"action_time": "2025-06-05T07:23:21.929Z", "user": 1, "content_type": 7, "object_id": "18", "object_repr": "Fifth Element 2025", "action_flag": 1, "change_message": "[{\"added\": {}}]"}}, {"model": "admin.logentry", "pk": 52, "fields": {"action_time": "2025-06-05T07:23:31.495Z", "user": 1, "content_type": 11, "object_id": "4", "object_repr": "Review by Fifth Element 2025", "action_flag": 1, "change_message": "[{\"added\": {}}]"}}, {"model": "admin.logentry", "pk": 53, "fields": {"action_time": "2025-06-05T07:24:20.864Z", "user": 1, "content_type": 7, "object_id": "19", "object_repr": "Glow Getters 2025", "action_flag": 1, "change_message": "[{\"added\": {}}]"}}, {"model": "admin.logentry", "pk": 54, "fields": {"action_time": "2025-06-05T07:24:52.319Z", "user": 1, "content_type": 11, "object_id": "5", "object_repr": "Review by Glow Getters 2025", "action_flag": 1, "change_message": "[{\"added\": {}}]"}}, {"model": "admin.logentry", "pk": 55, "fields": {"action_time": "2025-06-05T07:25:23.767Z", "user": 1, "content_type": 7, "object_id": "20", "object_repr": "Soft Serve 2024", "action_flag": 1, "change_message": "[{\"added\": {}}]"}}, {"model": "admin.logentry", "pk": 56, "fields": {"action_time": "2025-06-05T07:25:27.938Z", "user": 1, "content_type": 11, "object_id": "6", "object_repr": "Review by Soft Serve 2024", "action_flag": 1, "change_message": "[{\"added\": {}}]"}}, {"model": "admin.logentry", "pk": 57, "fields": {"action_time": "2025-06-05T07:25:37.081Z", "user": 1, "content_type": 11, "object_id": "2", "object_repr": "Review by Hellotitty 2025", "action_flag": 3, "change_message": ""}}, {"model": "admin.logentry", "pk": 58, "fields": {"action_time": "2025-06-05T07:25:37.083Z", "user": 1, "content_type": 11, "object_id": "1", "object_repr": "Review by Aurora2025", "action_flag": 3, "change_message": ""}}, {"model": "admin.logentry", "pk": 59, "fields": {"action_time": "2025-06-05T07:27:34.555Z", "user": 1, "content_type": 9, "object_id": "8", "object_repr": "test", "action_flag": 3, "change_message": ""}}, {"model": "admin.logentry", "pk": 60, "fields": {"action_time": "2025-06-05T07:27:34.561Z", "user": 1, "content_type": 9, "object_id": "7", "object_repr": "dddd", "action_flag": 3, "change_message": ""}}, {"model": "admin.logentry", "pk": 61, "fields": {"action_time": "2025-06-05T07:27:34.561Z", "user": 1, "content_type": 9, "object_id": "2", "object_repr": "Russelogo Simpel", "action_flag": 3, "change_message": ""}}, {"model": "admin.logentry", "pk": 62, "fields": {"action_time": "2025-06-05T07:27:49.853Z", "user": 1, "content_type": 9, "object_id": "9", "object_repr": "Clink N Drink", "action_flag": 2, "change_message": "[{\"changed\": {\"fields\": [\"Price\"]}}]"}}, {"model": "admin.logentry", "pk": 63, "fields": {"action_time": "2025-06-05T07:27:58.690Z", "user": 1, "content_type": 9, "object_id": "10", "object_repr": "Homerun", "action_flag": 2, "change_message": "[{\"changed\": {\"fields\": [\"Price\"]}}]"}}, {"model": "admin.logentry", "pk": 64, "fields": {"action_time": "2025-06-05T07:28:04.012Z", "user": 1, "content_type": 9, "object_id": "11", "object_repr": "Loyal to the Game", "action_flag": 2, "change_message": "[{\"changed\": {\"fields\": [\"Price\"]}}]"}}, {"model": "admin.logentry", "pk": 65, "fields": {"action_time": "2025-06-05T07:28:12.723Z", "user": 1, "content_type": 18, "object_id": "2", "object_repr": "test?", "action_flag": 3, "change_message": ""}}, {"model": "admin.logentry", "pk": 66, "fields": {"action_time": "2025-06-05T07:28:47.932Z", "user": 1, "content_type": 18, "object_id": "1", "object_repr": "Hvor lang tid tar det 친 f친 en ferdig logo?", "action_flag": 2, "change_message": "[{\"changed\": {\"fields\": [\"Question\", \"Answer\"]}}]"}}, {"model": "admin.logentry", "pk": 67, "fields": {"action_time": "2025-06-05T07:29:12.333Z", "user": 1, "content_type": 18, "object_id": "3", "object_repr": "Kan vi bestille teaservideo uten 친 ha bestilt logo hos dere?", "action_flag": 1, "change_message": "[{\"added\": {}}]"}}, {"model": "admin.logentry", "pk": 68, "fields": {"action_time": "2025-06-05T07:30:03.260Z", "user": 1, "content_type": 18, "object_id": "4", "object_repr": "Hva skjer hvis vi ikke liker f칮rsteutkastet?", "action_flag": 1, "change_message": "[{\"added\": {}}]"}}, {"model": "admin.logentry", "pk": 69, "fields": {"action_time": "2025-06-05T07:30:37.079Z", "user": 1, "content_type": 18, "object_id": "5", "object_repr": "Hvordan fungerer det med outlet-logoer?", "action_flag": 1, "change_message": "[{\"added\": {}}]"}}, {"model": "auth.permission", "pk": 1, "fields": {"name": "Can add log entry", "content_type": 1, "codename": "add_logentry"}}, {"model": "auth.permission", "pk": 2, "fields": {"name": "Can change log entry", "content_type": 1, "codename": "change_logentry"}}, {"model": "auth.permission", "pk": 3, "fields": {"name": "Can delete log entry", "content_type": 1, "codename": "delete_logentry"}}, {"model": "auth.permission", "pk": 4, "fields": {"name": "Can view log entry", "content_type": 1, "codename": "view_logentry"}}, {"model": "auth.permission", "pk": 5, "fields": {"name": "Can add permission", "content_type": 2, "codename": "add_permission"}}, {"model": "auth.permission", "pk": 6, "fields": {"name": "Can change permission", "content_type": 2, "codename": "change_permission"}}, {"model": "auth.permission", "pk": 7, "fields": {"name": "Can delete permission", "content_type": 2, "codename": "delete_permission"}}, {"model": "auth.permission", "pk": 8, "fields": {"name": "Can view permission", "content_type": 2, "codename": "view_permission"}}, {"model": "auth.permission", "pk": 9, "fields": {"name": "Can add group", "content_type": 3, "codename": "add_group"}}, {"model": "auth.permission", "pk": 10, "fields": {"name": "Can change group", "content_type": 3, "codename": "change_group"}}, {"model": "auth.permission", "pk": 11, "fields": {"name": "Can delete group", "content_type": 3, "codename": "delete_group"}}, {"model": "auth.permission", "pk": 12, "fields": {"name": "Can view group", "content_type": 3, "codename": "view_group"}}, {"model": "auth.permission", "pk": 13, "fields": {"name": "Can add user", "content_type": 4, "codename": "add_user"}}, {"model": "auth.permission", "pk": 14, "fields": {"name": "Can change user", "content_type": 4, "codename": "change_user"}}, {"model": "auth.permission", "pk": 15, "fields": {"name": "Can delete user", "content_type": 4, "codename": "delete_user"}}, {"model": "auth.permission", "pk": 16, "fields": {"name": "Can view user", "content_type": 4, "codename": "view_user"}}, {"model": "auth.permission", "pk": 17, "fields": {"name": "Can add content type", "content_type": 5, "codename": "add_contenttype"}}, {"model": "auth.permission", "pk": 18, "fields": {"name": "Can change content type", "content_type": 5, "codename": "change_contenttype"}}, {"model": "auth.permission", "pk": 19, "fields": {"name": "Can delete content type", "content_type": 5, "codename": "delete_contenttype"}}, {"model": "auth.permission", "pk": 20, "fields": {"name": "Can view content type", "content_type": 5, "codename": "view_contenttype"}}, {"model": "auth.permission", "pk": 21, "fields": {"name": "Can add session", "content_type": 6, "codename": "add_session"}}, {"model": "auth.permission", "pk": 22, "fields": {"name": "Can change session", "content_type": 6, "codename": "change_session"}}, {"model": "auth.permission", "pk": 23, "fields": {"name": "Can delete session", "content_type": 6, "codename": "delete_session"}}, {"model": "auth.permission", "pk": 24, "fields": {"name": "Can view session", "content_type": 6, "codename": "view_session"}}, {"model": "auth.permission", "pk": 25, "fields": {"name": "Can add customer", "content_type": 7, "codename": "add_customer"}}, {"model": "auth.permission", "pk": 26, "fields": {"name": "Can change customer", "content_type": 7, "codename": "change_customer"}}, {"model": "auth.permission", "pk": 27, "fields": {"name": "Can delete customer", "content_type": 7, "codename": "delete_customer"}}, {"model": "auth.permission", "pk": 28, "fields": {"name": "Can view customer", "content_type": 7, "codename": "view_customer"}}, {"model": "auth.permission", "pk": 29, "fields": {"name": "Can add gallery image", "content_type": 8, "codename": "add_galleryimage"}}, {"model": "auth.permission", "pk": 30, "fields": {"name": "Can change gallery image", "content_type": 8, "codename": "change_galleryimage"}}, {"model": "auth.permission", "pk": 31, "fields": {"name": "Can delete gallery image", "content_type": 8, "codename": "delete_galleryimage"}}, {"model": "auth.permission", "pk": 32, "fields": {"name": "Can view gallery image", "content_type": 8, "codename": "view_galleryimage"}}, {"model": "auth.permission", "pk": 33, "fields": {"name": "Can add product", "content_type": 9, "codename": "add_product"}}, {"model": "auth.permission", "pk": 34, "fields": {"name": "Can change product", "content_type": 9, "codename": "change_product"}}, {"model": "auth.permission", "pk": 35, "fields": {"name": "Can delete product", "content_type": 9, "codename": "delete_product"}}, {"model": "auth.permission", "pk": 36, "fields": {"name": "Can view product", "content_type": 9, "codename": "view_product"}}, {"model": "auth.permission", "pk": 37, "fields": {"name": "Can add order", "content_type": 10, "codename": "add_order"}}, {"model": "auth.permission", "pk": 38, "fields": {"name": "Can change order", "content_type": 10, "codename": "change_order"}}, {"model": "auth.permission", "pk": 39, "fields": {"name": "Can delete order", "content_type": 10, "codename": "delete_order"}}, {"model": "auth.permission", "pk": 40, "fields": {"name": "Can view order", "content_type": 10, "codename": "view_order"}}, {"model": "auth.permission", "pk": 41, "fields": {"name": "Can add review", "content_type": 11, "codename": "add_review"}}, {"model": "auth.permission", "pk": 42, "fields": {"name": "Can change review", "content_type": 11, "codename": "change_review"}}, {"model": "auth.permission", "pk": 43, "fields": {"name": "Can delete review", "content_type": 11, "codename": "delete_review"}}, {"model": "auth.permission", "pk": 44, "fields": {"name": "Can view review", "content_type": 11, "codename": "view_review"}}, {"model": "auth.permission", "pk": 45, "fields": {"name": "Can add teaser video", "content_type": 12, "codename": "add_teaservideo"}}, {"model": "auth.permission", "pk": 46, "fields": {"name": "Can change teaser video", "content_type": 12, "codename": "change_teaservideo"}}, {"model": "auth.permission", "pk": 47, "fields": {"name": "Can delete teaser video", "content_type": 12, "codename": "delete_teaservideo"}}, {"model": "auth.permission", "pk": 48, "fields": {"name": "Can view teaser video", "content_type": 12, "codename": "view_teaservideo"}}, {"model": "auth.permission", "pk": 49, "fields": {"name": "Can add teaser product", "content_type": 13, "codename": "add_teaserproduct"}}, {"model": "auth.permission", "pk": 50, "fields": {"name": "Can change teaser product", "content_type": 13, "codename": "change_teaserproduct"}}, {"model": "auth.permission", "pk": 51, "fields": {"name": "Can delete teaser product", "content_type": 13, "codename": "delete_teaserproduct"}}, {"model": "auth.permission", "pk": 52, "fields": {"name": "Can view teaser product", "content_type": 13, "codename": "view_teaserproduct"}}, {"model": "auth.permission", "pk": 53, "fields": {"name": "Can add teaser video file", "content_type": 14, "codename": "add_teaservideofile"}}, {"model": "auth.permission", "pk": 54, "fields": {"name": "Can change teaser video file", "content_type": 14, "codename": "change_teaservideofile"}}, {"model": "auth.permission", "pk": 55, "fields": {"name": "Can delete teaser video file", "content_type": 14, "codename": "delete_teaservideofile"}}, {"model": "auth.permission", "pk": 56, "fields": {"name": "Can view teaser video file", "content_type": 14, "codename": "view_teaservideofile"}}, {"model": "auth.permission", "pk": 57, "fields": {"name": "Can add uploaded file", "content_type": 15, "codename": "add_uploadedfile"}}, {"model": "auth.permission", "pk": 58, "fields": {"name": "Can change uploaded file", "content_type": 15, "codename": "change_uploadedfile"}}, {"model": "auth.permission", "pk": 59, "fields": {"name": "Can delete uploaded file", "content_type": 15, "codename": "delete_uploadedfile"}}, {"model": "auth.permission", "pk": 60, "fields": {"name": "Can view uploaded file", "content_type": 15, "codename": "view_uploadedfile"}}, {"model": "auth.permission", "pk": 61, "fields": {"name": "Can add outlet order", "content_type": 16, "codename": "add_outletorder"}}, {"model": "auth.permission", "pk": 62, "fields": {"name": "Can change outlet order", "content_type": 16, "codename": "change_outletorder"}}, {"model": "auth.permission", "pk": 63, "fields": {"name": "Can delete outlet order", "content_type": 16, "codename": "delete_outletorder"}}, {"model": "auth.permission", "pk": 64, "fields": {"name": "Can view outlet order", "content_type": 16, "codename": "view_outletorder"}}, {"model": "auth.permission", "pk": 65, "fields": {"name": "Can add contact message", "content_type": 17, "codename": "add_contactmessage"}}, {"model": "auth.permission", "pk": 66, "fields": {"name": "Can change contact message", "content_type": 17, "codename": "change_contactmessage"}}, {"model": "auth.permission", "pk": 67, "fields": {"name": "Can delete contact message", "content_type": 17, "codename": "delete_contactmessage"}}, {"model": "auth.permission", "pk": 68, "fields": {"name": "Can view contact message", "content_type": 17, "codename": "view_contactmessage"}}, {"model": "auth.permission", "pk": 69, "fields": {"name": "Can add faq", "content_type": 18, "codename": "add_faq"}}, {"model": "auth.permission", "pk": 70, "fields": {"name": "Can change faq", "content_type": 18, "codename": "change_faq"}}, {"model": "auth.permission", "pk": 71, "fields": {"name": "Can delete faq", "content_type": 18, "codename": "delete_faq"}}, {"model": "auth.permission", "pk": 72, "fields": {"name": "Can view faq", "content_type": 18, "codename": "view_faq"}}, {"model": "auth.user", "pk": 1, "fields": {"password": "pbkdf2_sha256$600000$WcwZXNHza3YKojvaVsPKNW$pkbedRrOS7kezZM5xCnZx3AcgFMUWjQTW+f+xtTXyJ8=", "last_login": "2025-06-02T16:39:13.625Z", "is_superuser": true, "username": "oddendesiign", "first_name": "", "last_name": "", "email": "oddendesign@gmail.com", "is_staff": true, "is_active": true, "date_joined": "2025-05-15T13:38:16.758Z", "groups": [], "user_permissions": []}}, {"model": "contenttypes.contenttype", "pk": 1, "fields": {"app_label": "admin", "model": "logentry"}}, {"model": "contenttypes.contenttype", "pk": 2, "fields": {"app_label": "auth", "model": "permission"}}, {"model": "contenttypes.contenttype", "pk": 3, "fields": {"app_label": "auth", "model": "group"}}, {"model": "contenttypes.contenttype", "pk": 4, "fields": {"app_label": "auth", "model": "user"}}, {"model": "contenttypes.contenttype", "pk": 5, "fields": {"app_label": "contenttypes", "model": "contenttype"}}, {"model": "contenttypes.contenttype", "pk": 6, "fields": {"app_label": "sessions", "model": "session"}}, {"model": "contenttypes.contenttype", "pk": 7, "fields": {"app_label": "core", "model": "customer"}}, {"model": "contenttypes.contenttype", "pk": 8, "fields": {"app_label": "core", "model": "galleryimage"}}, {"model": "contenttypes.contenttype", "pk": 9, "fields": {"app_label": "core", "model": "product"}}, {"model": "contenttypes.contenttype", "pk": 10, "fields": {"app_label": "core", "model": "order"}}, {"model": "contenttypes.contenttype", "pk": 11, "fields": {"app_label": "core", "model": "review"}}, {"model": "contenttypes.contenttype", "pk": 12, "fields": {"app_label": "core", "model": "teaservideo"}}, {"model": "contenttypes.contenttype", "pk": 13, "fields": {"app_label": "core", "model": "teaserproduct"}}, {"model": "contenttypes.contenttype", "pk": 14, "fields": {"app_label": "core", "model": "teaservideofile"}}, {"model": "contenttypes.contenttype", "pk": 15, "fields": {"app_label": "core", "model": "uploadedfile"}}, {"model": "contenttypes.contenttype", "pk": 16, "fields": {"app_label": "core", "model": "outletorder"}}, {"model": "contenttypes.contenttype", "pk": 17, "fields": {"app_label": "core", "model": "contactmessage"}}, {"model": "contenttypes.contenttype", "pk": 18, "fields": {"app_label": "core", "model": "faq"}}, {"model": "sessions.session", "pk": "ivrbq7n5wb2tky399tvehrl434lbg66d", "fields": {"session_data": ".eJxVjEEOwiAQRe_C2hAEBhqX7j0DGWYGqRqalHbVeHdt0oVu_3vvbyrhutS0dpnTyOqizur0u2Wkp7Qd8APbfdI0tWUes94VfdCubxPL63q4fwcVe_3WDkywATATe_IS3UAFbYHgB2L2josxFDACRgNsSmYBcTawQwMYnHp_AO9eOE0:1uGy8F:H7WXpYzmb9Hvrs9w3eyueK48fnt6gb7IWL9L2OG13Og", "expire_date": "2025-06-02T10:54:07.001Z"}}, {"model": "core.customer", "pk": 1, "fields": {"group_name": "Aurora2025", "contact_email": "auroraodden@gmail.com", "contact_phone": "46625483", "address": "Gjerdrums vei 12D"}}, {"model": "core.customer", "pk": 2, "fields": {"group_name": "Hellotitty 2025", "contact_email": "auroraodden@gmail.com", "contact_phone": "46625483", "address": "Gjerdrums vei 12D"}}, {"model": "core.customer", "pk": 3, "fields": {"group_name": "Hellotitty 2025 test 2", "contact_email": "auroraodden@gmail.com", "contact_phone": "46625483", "address": "Gjerdrums vei 12D"}}, {"model": "core.customer", "pk": 4, "fields": {"group_name": "Hellotitty 2025 test 2", "contact_email": "auroraodden@gmail.com", "contact_phone": "46625483", "address": "Gjerdrums vei 12D"}}, {"model": "core.customer", "pk": 5, "fields": {"group_name": "Hellotitty 2025 test 2", "contact_email": "auroraodden@gmail.com", "contact_phone": "46625483", "address": "Gjerdrums vei 12D"}}, {"model": "core.customer", "pk": 6, "fields": {"group_name": "Hellotitty 2025 test 2", "contact_email": "auroraodden@gmail.com", "contact_phone": "46625483", "address": "Gjerdrums vei 12D"}}, {"model": "core.customer", "pk": 7, "fields": {"group_name": "Hellotitty 2025 test 2", "contact_email": "auroraodden@gmail.com", "contact_phone": "46625483", "address": "Gjerdrums vei 12D"}}, {"model": "core.customer", "pk": 8, "fields": {"group_name": "Hellotitty 2025 test 3", "contact_email": "auroraodden@gmail.com", "contact_phone": "46625483", "address": "Gjerdrums vei 12D"}}, {"model": "core.customer", "pk": 9, "fields": {"group_name": "Hellotitty 2025 test 3", "contact_email": "auroraodden@gmail.com", "contact_phone": "46625483", "address": "Gjerdrums vei 12D"}}, {"model": "core.customer", "pk": 10, "fields": {"group_name": "Hellotitty 2025 test 4", "contact_email": "auroraodden@gmail.com", "contact_phone": "46625483", "address": "Gjerdrums vei 12D"}}, {"model": "core.customer", "pk": 11, "fields": {"group_name": "Hellotitty test 5", "contact_email": "auroraodden@gmail.com", "contact_phone": "46625483", "address": "Gjerdrums vei 12d"}}, {"model": "core.customer", "pk": 12, "fields": {"group_name": "Hellotitty 2025 test 6", "contact_email": "auroraodden@gmail.com", "contact_phone": "46625483", "address": "Gjerdrums vei 12D"}}, {"model": "core.customer", "pk": 13, "fields": {"group_name": "Hellotitty 2025 test 7", "contact_email": "auroraodden@gmail.com", "contact_phone": "46625483", "address": "Gjerdrums vei 12D"}}, {"model": "core.customer", "pk": 14, "fields": {"group_name": "Hellotitty 2025 test 8", "contact_email": "auroraodden@gmail.com", "contact_phone": "46625483", "address": "Gjerdrums vei 12D"}}, {"model": "core.customer", "pk": 15, "fields": {"group_name": "balalnslnl", "contact_email": "auroraodden@gmail.com", "contact_phone": "46625483", "address": "Gjerdrums vei 12D"}}, {"model": "core.customer", "pk": 16, "fields": {"group_name": "balalnslnl", "contact_email": "auroraodden@gmail.com", "contact_phone": "46625483", "address": "Gjerdrums vei 12D"}}, {"model": "core.customer", "pk": 17, "fields": {"group_name": "Platinum Punch 2024", "contact_email": "auroraodden@gmail.com", "contact_phone": "46625483", "address": "Gjerdrums vei 12D"}}, {"model": "core.customer", "pk": 18, "fields": {"group_name": "Fifth Element 2025", "contact_email": "auroraodden@gmail.com", "contact_phone": "46625483", "address": "Gjerdrums vei 12D"}}, {"model": "core.customer", "pk": 19, "fields": {"group_name": "Glow Getters 2025", "contact_email": "auroraodden@gmail.com", "contact_phone": "46625483", "address": "Gjerdrums vei 12D"}}, {"model": "core.customer", "pk": 20, "fields": {"group_name": "Soft Serve 2024", "contact_email": "auroraodden@gmail.com", "contact_phone": "46625483", "address": "Gjerdrums vei 12D"}}, {"model": "core.product", "pk": 9, "fields": {"title": "Clink N Drink", "description": "Oransje logo med vinflaske og to glass. Funker for dere som liker 친 holde det sosialt og simpelt游비", "price": "3000.00", "is_available": true, "is_outlet": true, "image": "products/CND.jpg"}}, {"model": "core.product", "pk": 10, "fields": {"title": "Homerun", "description": "Home Run er en ferdig logo med baseballtema. Stadion i bakgrunnen, tydelig r칮d tittel og en visuell stil som funker godt til kl칝r丘쮪잺", "price": "5000.00", "is_available": true, "is_outlet": true, "image": "products/HR.jpg"}}, {"model": "core.product", "pk": 11, "fields": {"title": "Loyal to the Game", "description": "Enkle former og h친ndtegna elementer rundt bl친 typografi. Passer for dere som vil ha noe som ser bra ut uten 친 pr칮ve for hardt游", "price": "3000.00", "is_available": true, "is_outlet": true, "image": "products/LLTG.jpg"}}, {"model": "core.order", "pk": 1, "fields": {"customer": 1, "product": null, "custom_description": "bla bla bla...", "created_at": "2025-05-15T14:16:39.764Z", "is_completed": false, "is_delivered": false, "admin_note": "", "group_name": "Midlertidig russenavn", "concept_description": "Midlertidig konseptbeskrivelse", "full_name": "Testbruker", "email": "test@example.com", "phone": "00000000", "address": "Midlertidig adresse", "postal_code": "0000", "city": "Testby", "birth_date": "2025-05-16", "agree_to_terms": false, "color_1": "", "color_2": "", "color_3": "", "color_4": "", "color_5": "", "total_price": "0.00"}}, {"model": "core.order", "pk": 7, "fields": {"customer": 7, "product": null, "custom_description": "", "created_at": "2025-05-19T15:32:38.632Z", "is_completed": false, "is_delivered": false, "admin_note": "", "group_name": "Hellotitty 2025 test 2", "concept_description": "칒nsker rosa logo med Hello Kitty tema!", "full_name": "Aurora Odden", "email": "auroraodden@gmail.com", "phone": "46625483", "address": "Gjerdrums vei 12D", "postal_code": "0484", "city": "Oslo", "birth_date": "2002-10-07", "agree_to_terms": true, "color_1": "#ffebf9", "color_2": "#ffffff", "color_3": "#ffdbfe", "color_4": "#ffe5e5", "color_5": "#ffe0e0", "total_price": "20000.00"}}, {"model": "core.order", "pk": 8, "fields": {"customer": 8, "product": null, "custom_description": "", "created_at": "2025-05-19T15:49:49.125Z", "is_completed": false, "is_delivered": false, "admin_note": "", "group_name": "Hellotitty 2025 test 3", "concept_description": "칒nsker rosa logo med Hello Kitty tema!", "full_name": "Aurora Odden", "email": "auroraodden@gmail.com", "phone": "46625483", "address": "Gjerdrums vei 12D", "postal_code": "0484", "city": "Oslo", "birth_date": "2002-10-07", "agree_to_terms": true, "color_1": "#ffe0e0", "color_2": "#ffffff", "color_3": "#fff0fa", "color_4": "#ffebfe", "color_5": "#ffdbf5", "total_price": "20000.00"}}, {"model": "core.order", "pk": 10, "fields": {"customer": 10, "product": null, "custom_description": "", "created_at": "2025-05-19T21:07:03.738Z", "is_completed": false, "is_delivered": false, "admin_note": "", "group_name": "Hellotitty 2025 test 4", "concept_description": "칒nsker rosa logo med Hello Kitty tema!", "full_name": "Aurora Odden", "email": "auroraodden@gmail.com", "phone": "46625483", "address": "Gjerdrums vei 12D", "postal_code": "0484", "city": "Oslo", "birth_date": "2002-10-07", "agree_to_terms": true, "color_1": "#ffe0e0", "color_2": "#ffffff", "color_3": "#fff0fa", "color_4": "#ffebfe", "color_5": "#ffdbf5", "total_price": "20000.00"}}, {"model": "core.order", "pk": 11, "fields": {"customer": 11, "product": null, "custom_description": "", "created_at": "2025-05-20T09:09:41.977Z", "is_completed": false, "is_delivered": false, "admin_note": "", "group_name": "Hellotitty test 5", "concept_description": "칒nsker rosa logo med Hello Kitty tema!", "full_name": "Aurora Odden", "email": "auroraodden@gmail.com", "phone": "46625483", "address": "Gjerdrums vei 12d", "postal_code": "0484", "city": "Oslo", "birth_date": "2002-10-07", "agree_to_terms": true, "color_1": "#ffebeb", "color_2": "#ffebf8", "color_3": "#ffffff", "color_4": "#fff0f4", "color_5": "#ffe5f6", "total_price": "20000.00"}}, {"model": "core.order", "pk": 12, "fields": {"customer": 12, "product": null, "custom_description": "", "created_at": "2025-05-20T11:00:53.473Z", "is_completed": false, "is_delivered": false, "admin_note": "", "group_name": "Hellotitty 2025 test 6", "concept_description": "칒nsker rosa logo med Hello Kitty tema!", "full_name": "Aurora Odden", "email": "auroraodden@gmail.com", "phone": "46625483", "address": "Gjerdrums vei 12D", "postal_code": "0484", "city": "Oslo", "birth_date": "2002-10-07", "agree_to_terms": true, "color_1": "#ffe5e5", "color_2": "#ffffff", "color_3": "#ffebfd", "color_4": "#fcf0ff", "color_5": "#ffc7f8", "total_price": "20000.00"}}, {"model": "core.order", "pk": 13, "fields": {"customer": 13, "product": null, "custom_description": "", "created_at": "2025-05-20T11:44:40.180Z", "is_completed": false, "is_delivered": false, "admin_note": "", "group_name": "Hellotitty 2025 test 7", "concept_description": "칒nsker rosa logo med Hello Kitty tema!", "full_name": "Aurora Odden", "email": "auroraodden@gmail.com", "phone": "46625483", "address": "Gjerdrums vei 12D", "postal_code": "0484", "city": "Oslo", "birth_date": "2002-10-07", "agree_to_terms": true, "color_1": "#ffe0e0", "color_2": "#ffffff", "color_3": "#fdf0ff", "color_4": "#fff0f0", "color_5": "#fdebff", "total_price": "20000.00"}}, {"model": "core.order", "pk": 14, "fields": {"customer": 14, "product": null, "custom_description": "", "created_at": "2025-05-20T12:17:51.568Z", "is_completed": false, "is_delivered": false, "admin_note": "", "group_name": "Hellotitty 2025 test 8", "concept_description": "칒nsker rosa logo med Hello Kitty tema!", "full_name": "Aurora Odden", "email": "auroraodden@gmail.com", "phone": "46625483", "address": "Gjerdrums vei 12D", "postal_code": "0484", "city": "Oslo", "birth_date": "2002-10-07", "agree_to_terms": true, "color_1": "#f7d4d4", "color_2": "#ffffff", "color_3": "#f6eef4", "color_4": "#ffe5ff", "color_5": "#ffebeb", "total_price": "20000.00"}}, {"model": "core.order", "pk": 15, "fields": {"customer": 15, "product": null, "custom_description": "", "created_at": "2025-05-26T17:57:22.515Z", "is_completed": false, "is_delivered": false, "admin_note": "", "group_name": "balalnslnl", "concept_description": "fnjfnkten", "full_name": "Aurora Odden", "email": "auroraodden@gmail.com", "phone": "46625483", "address": "Gjerdrums vei 12D", "postal_code": "0484", "city": "Oslo", "birth_date": "2002-10-07", "agree_to_terms": true, "color_1": "#000000", "color_2": "#000000", "color_3": "#000000", "color_4": "#000000", "color_5": "#000000", "total_price": "20000.00"}}, {"model": "core.order", "pk": 16, "fields": {"customer": 16, "product": null, "custom_description": "", "created_at": "2025-05-26T17:59:06.663Z", "is_completed": false, "is_delivered": false, "admin_note": "", "group_name": "balalnslnl", "concept_description": "fnjfnkten", "full_name": "Aurora Odden", "email": "auroraodden@gmail.com", "phone": "46625483", "address": "Gjerdrums vei 12D", "postal_code": "0484", "city": "Oslo", "birth_date": "2002-10-07", "agree_to_terms": true, "color_1": "#000000", "color_2": "#000000", "color_3": "#000000", "color_4": "#000000", "color_5": "#000000", "total_price": "20000.00"}}, {"model": "core.review", "pk": 3, "fields": {"customer": 17, "text": "Oddendesign skj칮nte hva vi mente med \"lekkert, men simpelt\". Logoen til PLATINUM PUNCH ble dritkul og vi f친r masse skryt for den. Takk for godt samarbeid!", "rating": 5, "created_at": "2025-06-05T07:23:08.458Z", "is_approved": true}}, {"model": "core.review", "pk": 4, "fields": {"customer": 18, "text": "Vi var sent ute, men likevel rakk vi deadline takket v칝re rask respons og proft opplegg. Teaservideoen for FIFTH ELEMENT ble prikken over i-en f칮r slippfesten!", "rating": 5, "created_at": "2025-06-05T07:23:31.494Z", "is_approved": true}}, {"model": "core.review", "pk": 5, "fields": {"customer": 19, "text": "Vi i GLOW GETTERS er veldig forn칮yde! Logoen ble akkurat s친 fresh som vi ville. Det tok et par runder med justeringer, men Oddendesiign var kjempegrei og t친lmodig hele veien.", "rating": 4, "created_at": "2025-06-05T07:24:52.318Z", "is_approved": true}}, {"model": "core.review", "pk": 6, "fields": {"customer": 20, "text": "Vi bestilte ferdiglogo fra SOFT SERVE og fikk den sendt samme dag! Stilen var fresh og enkel. Vi m친tte legge til et par egne detaljer etterp친, men det var null stress.", "rating": 4, "created_at": "2025-06-05T07:25:27.938Z", "is_approved": true}}, {"model": "core.galleryimage", "pk": 2, "fields": {"title": "Eksempel Logo", "image": "gallery/Test_Eksempel_Logo.jpg", "uploaded_at": "2025-05-15T14:20:53.283Z"}}, {"model": "core.teaserproduct", "pk": 1, "fields": {"title": "Teaser Premium", "description": "60 sek", "price": "600.00", "is_available": true}}, {"model": "core.teaserproduct", "pk": 2, "fields": {"title": "Teaser Basic", "description": "30 sek", "price": "300.00", "is_available": true}}, {"model": "core.teaservideo", "pk": 1, "fields": {"product": 2, "group_name": "Kul 123", "concept_description": "Fet video", "video_style": "Rap musikk video", "music_preference": "Travis Scott - Sicko Mode", "full_name": "Aurora Odden", "email": "auroraodden@gmail.com", "phone": "46625483", "address": "Gjerdrums vei 12D", "postal_code": "0484", "city": "Oslo", "birth_date": "2002-10-07", "agree_to_terms": true, "total_price": "0.00", "created_at": "2025-05-20T17:08:37.892Z", "is_delivered": false, "admin_note": ""}}, {"model": "core.teaservideo", "pk": 2, "fields": {"product": 2, "group_name": "Kul 123 test 2", "concept_description": "Fet video", "video_style": "Rap musikk video", "music_preference": "Travis Scott - Sicko Mode", "full_name": "Aurora Odden", "email": "auroraodden@gmail.com", "phone": "46625483", "address": "Gjerdrums vei 12D", "postal_code": "0484", "city": "Oslo", "birth_date": "2002-10-07", "agree_to_terms": true, "total_price": "0.00", "created_at": "2025-05-20T17:36:30.041Z", "is_delivered": false, "admin_note": ""}}, {"model": "core.teaservideo", "pk": 3, "fields": {"product": 2, "group_name": "Kul 123 test 3", "concept_description": "Fet video", "video_style": "Rap musikk video", "music_preference": "Travis Scott - Sicko Mode", "full_name": "Aurora Odden", "email": "auroraodden@gmail.com", "phone": "46625483", "address": "Gjerdrums vei 12D", "postal_code": "0484", "city": "Oslo", "birth_date": "2002-10-07", "agree_to_terms": true, "total_price": "0.00", "created_at": "2025-05-20T19:36:19.513Z", "is_delivered": false, "admin_note": ""}}, {"model": "core.teaservideo", "pk": 4, "fields": {"product": 2, "group_name": "Kul 123 test 4", "concept_description": "Fet video", "video_style": "Rap musikk video", "music_preference": "Travis Scott - Sicko Mode", "full_name": "Aurora Odden", "email": "auroraodden@gmail.com", "phone": "46625483", "address": "Gjerdrums vei 12D", "postal_code": "0484", "city": "Oslo", "birth_date": "2002-10-07", "agree_to_terms": true, "total_price": "300.00", "created_at": "2025-05-20T19:56:54.258Z", "is_delivered": false, "admin_note": ""}}, {"model": "core.teaservideo", "pk": 5, "fields": {"product": 2, "group_name": "Kul 123 test 5", "concept_description": "Fet video", "video_style": "Rap musikk video", "music_preference": "Travis Scott - Sicko Mode", "full_name": "Aurora Odden", "email": "auroraodden@gmail.com", "phone": "46625483", "address": "Gjerdrums vei 12D", "postal_code": "0484", "city": "Oslo", "birth_date": "2002-10-07", "agree_to_terms": true, "total_price": "300.00", "created_at": "2025-05-20T20:27:36.073Z", "is_delivered": false, "admin_note": ""}}, {"model": "core.teaservideo", "pk": 8, "fields": {"product": 2, "group_name": "Kul 123 test 6", "concept_description": "Fet video", "video_style": "Rap musikk video", "music_preference": "Travis Scott - Sicko Mode", "full_name": "Aurora Odden", "email": "auroraodden@gmail.com", "phone": "46625483", "address": "Gjerdrums vei 12D", "postal_code": "0484", "city": "Oslo", "birth_date": "2002-10-07", "agree_to_terms": true, "total_price": "300.00", "created_at": "2025-05-20T21:29:05.189Z", "is_delivered": false, "admin_note": ""}}, {"model": "core.teaservideofile", "pk": 1, "fields": {"teaser_video": 1, "file": "uploads/asap.jpg"}}, {"model": "core.teaservideofile", "pk": 2, "fields": {"teaser_video": 1, "file": "uploads/travis.jpg"}}, {"model": "core.teaservideofile", "pk": 3, "fields": {"teaser_video": 2, "file": "uploads/asap_eIrlY8R.jpg"}}, {"model": "core.teaservideofile", "pk": 4, "fields": {"teaser_video": 2, "file": "uploads/travis_Tmw6NnP.jpg"}}, {"model": "core.teaservideofile", "pk": 5, "fields": {"teaser_video": 3, "file": "uploads/travis_KMLtW1o.jpg"}}, {"model": "core.teaservideofile", "pk": 6, "fields": {"teaser_video": 3, "file": "uploads/asap_2mRQWrB.jpg"}}, {"model": "core.teaservideofile", "pk": 7, "fields": {"teaser_video": 4, "file": "uploads/asap_kZnAOvg.jpg"}}, {"model": "core.teaservideofile", "pk": 8, "fields": {"teaser_video": 4, "file": "uploads/travis_SBFn3UJ.jpg"}}, {"model": "core.teaservideofile", "pk": 9, "fields": {"teaser_video": 5, "file": "uploads/asap_Mpdouws.jpg"}}, {"model": "core.teaservideofile", "pk": 10, "fields": {"teaser_video": 5, "file": "uploads/travis_ee21BAc.jpg"}}, {"model": "core.teaservideofile", "pk": 15, "fields": {"teaser_video": 8, "file": "uploads/asap_9meHpSZ.jpg"}}, {"model": "core.teaservideofile", "pk": 16, "fields": {"teaser_video": 8, "file": "uploads/travis_k3SaiQt.jpg"}}, {"model": "core.outletorder", "pk": 1, "fields": {"product": null, "full_name": "Aurora Odden", "email": "auroraodden@gmail.com", "phone": "46625483", "address": "Gjerdrums vei 12D", "postal_code": "0484", "city": "Oslo", "birth_date": "2002-10-07", "agree_to_terms": false, "total_price": "10000.00", "created_at": "2025-05-20T23:31:31.435Z"}}, {"model": "core.outletorder", "pk": 2, "fields": {"product": null, "full_name": "Aurora Odden", "email": "auroraodden@gmail.com", "phone": "46625483", "address": "Gjerdrums vei 12D", "postal_code": "0484", "city": "Oslo", "birth_date": "2002-10-07", "agree_to_terms": false, "total_price": "10000.00", "created_at": "2025-05-20T23:31:32.219Z"}}, {"model": "core.outletorder", "pk": 3, "fields": {"product": null, "full_name": "Aurora Odden", "email": "auroraodden@gmail.com", "phone": "46625483", "address": "Gjerdrums vei 12D", "postal_code": "0484", "city": "Oslo", "birth_date": "2002-10-07", "agree_to_terms": false, "total_price": "10000.00", "created_at": "2025-05-20T23:31:32.437Z"}}, {"model": "core.outletorder", "pk": 4, "fields": {"product": null, "full_name": "Aurora Odden", "email": "auroraodden@gmail.com", "phone": "46625483", "address": "Gjerdrums vei 12D", "postal_code": "0484", "city": "Oslo", "birth_date": "2002-10-07", "agree_to_terms": false, "total_price": "10000.00", "created_at": "2025-05-20T23:31:32.608Z"}}, {"model": "core.outletorder", "pk": 5, "fields": {"product": null, "full_name": "Aurora Odden", "email": "auroraodden@gmail.com", "phone": "46625483", "address": "Gjerdrums vei 12D", "postal_code": "0484", "city": "Oslo", "birth_date": "2002-10-07", "agree_to_terms": false, "total_price": "10000.00", "created_at": "2025-05-20T23:31:33.059Z"}}, {"model": "core.outletorder", "pk": 6, "fields": {"product": null, "full_name": "Aurora Odden", "email": "auroraodden@gmail.com", "phone": "46625483", "address": "Gjerdrums vei 12D", "postal_code": "0484", "city": "Oslo", "birth_date": "2002-10-07", "agree_to_terms": false, "total_price": "10000.00", "created_at": "2025-05-20T23:31:33.223Z"}}, {"model": "core.outletorder", "pk": 7, "fields": {"product": null, "full_name": "Aurora Odden", "email": "auroraodden@gmail.com", "phone": "46625483", "address": "Gjerdrums vei 12D", "postal_code": "0484", "city": "Oslo", "birth_date": "2002-10-07", "agree_to_terms": false, "total_price": "10000.00", "created_at": "2025-05-20T23:31:39.675Z"}}, {"model": "core.outletorder", "pk": 8, "fields": {"product": null, "full_name": "Aurora Odden", "email": "auroraodden@gmail.com", "phone": "46625483", "address": "Gjerdrums vei 12D", "postal_code": "0484", "city": "Oslo", "birth_date": "2002-10-07", "agree_to_terms": false, "total_price": "10000.00", "created_at": "2025-05-20T23:31:39.868Z"}}, {"model": "core.outletorder", "pk": 9, "fields": {"product": null, "full_name": "Aurora Odden", "email": "auroraodden@gmail.com", "phone": "46625483", "address": "Gjerdrums vei 12D", "postal_code": "0484", "city": "Oslo", "birth_date": "2002-10-07", "agree_to_terms": false, "total_price": "10000.00", "created_at": "2025-05-20T23:31:40.156Z"}}, {"model": "core.outletorder", "pk": 10, "fields": {"product": null, "full_name": "Aurora Odden", "email": "auroraodden@gmail.com", "phone": "46625483", "address": "Gjerdrums vei 12D", "postal_code": "0484", "city": "Oslo", "birth_date": "2002-10-07", "agree_to_terms": false, "total_price": "10000.00", "created_at": "2025-05-20T23:31:40.328Z"}}, {"model": "core.outletorder", "pk": 11, "fields": {"product": null, "full_name": "Aurora Odden", "email": "auroraodden@gmail.com", "phone": "46625483", "address": "Gjerdrums vei 12D", "postal_code": "0484", "city": "Oslo", "birth_date": "2002-10-07", "agree_to_terms": false, "total_price": "10000.00", "created_at": "2025-05-20T23:31:40.497Z"}}, {"model": "core.outletorder", "pk": 12, "fields": {"product": null, "full_name": "Aurora Odden", "email": "auroraodden@gmail.com", "phone": "46625483", "address": "Gjerdrums vei 12D", "postal_code": "0484", "city": "Oslo", "birth_date": "2002-10-07", "agree_to_terms": true, "total_price": "10000.00", "created_at": "2025-05-21T12:55:02.668Z"}}, {"model": "core.outletorder", "pk": 13, "fields": {"product": null, "full_name": "Aurora Odden", "email": "auroraodden@gmail.com", "phone": "46625483", "address": "Gjerdrums vei 12D", "postal_code": "0484", "city": "Oslo", "birth_date": "2002-10-07", "agree_to_terms": true, "total_price": "10000.00", "created_at": "2025-05-21T13:27:49.621Z"}}, {"model": "core.outletorder", "pk": 14, "fields": {"product": null, "full_name": "Aurora Odden", "email": "auroraodden@gmail.com", "phone": "46625483", "address": "Gjerdrums vei 12D", "postal_code": "0484", "city": "Oslo", "birth_date": "2002-10-07", "agree_to_terms": true, "total_price": "70.00", "created_at": "2025-05-26T20:57:40.523Z"}}, {"model": "core.outletorder", "pk": 15, "fields": {"product": null, "full_name": "pj", "email": "auroraodden@gmail.com", "phone": "46625483", "address": "Gjerdrums vei 12D", "postal_code": "0484", "city": "Oslo", "birth_date": "2002-10-07", "agree_to_terms": true, "total_price": "80.00", "created_at": "2025-05-28T11:16:47.502Z"}}, {"model": "core.contactmessage", "pk": 1, "fields": {"full_name": "Aurora Odden", "email": "auroraodden@gmail.com", "subject": "Test av skjema", "message": "Dette er bare en test!", "is_answered": false, "created_at": "2025-05-21T19:01:04.876Z"}}, {"model": "core.contactmessage", "pk": 3, "fields": {"full_name": "Aurora Odden", "email": "auroraodden@gmail.com", "subject": "Test av skjema 1", "message": "Test", "is_answered": false, "created_at": "2025-05-21T19:35:48.510Z"}}, {"model": "core.faq", "pk": 1, "fields": {"question": "Hvor lang tid tar det 친 f친 en ferdig logo?", "answer": "Vanlig leveringstid er 2-4 uker, avhengig av sesong og p친gangen. Vi sender alltid f칮rste utkast innen en uke, og justeringer skjer fortl칮pende.", "created_at": "2025-05-22T11:17:03.711Z", "display_order": 1}}, {"model": "core.faq", "pk": 3, "fields": {"question": "Kan vi bestille teaservideo uten 친 ha bestilt logo hos dere?", "answer": "Ja! Vi tilbyr teaservideo som egen tjeneste, og vi tilpasser den til deres eksisterende logo og stil.", "created_at": "2025-06-05T07:29:12.332Z", "display_order": 2}}, {"model": "core.faq", "pk": 4, "fields": {"question": "Hva skjer hvis vi ikke liker f칮rsteutkastet?", "answer": "Da gj칮r vi endringer basert p친 tilbakemeldingen deres. Dere har alltid to gratis runder med revisjon inkludert og vi stopper ikke f칮r dere er forn칮yde!", "created_at": "2025-06-05T07:30:03.259Z", "display_order": 3}}, {"model": "core.faq", "pk": 5, "fields": {"question": "Hvordan fungerer det med outlet-logoer?", "answer": "Outlet-logoer er design som er klare til bruk. N친r dere kj칮per 칠n, tilpasses den med gruppenavn og eventuelt 친rstall, og sendes i l칮pet av kort tid.", "created_at": "2025-06-05T07:30:37.078Z", "display_order": 4}}]